name,date,dayIndex,cpuCost,ramCost,pvCost,podCount,totalCost,cpuEfficiency,ramEfficiency
kube-system,2023-07-12,0,0.21004,0.01422,0.0,2,0.22426,0.02066,0.97796
kube-system,2023-07-13,1,0.21414,0.01301,0.0,2,0.22715,0.02019,0.89101
kube-system,2023-07-14,2,0.22116,0.01447,0.0,4,0.23563,0.02103,0.9794
kube-system,2023-07-15,3,0.17819,0.01194,0.0,2,0.19013,0.02106,0.89699
kube-system,2023-07-16,4,0.16861,0.01119,0.0,2,0.1798,0.02128,0.95184
kube-system,2023-07-17,5,0.21454,0.01409,0.0,2,0.22863,0.02136,0.97416
kube-system,2023-07-18,6,0.19881,0.01493,0.0,2,0.21374,0.02148,0.96547
kube-system,2023-07-19,7,0.22589,0.0138,0.0,3,0.23969,0.02139,0.90528
kube-system,2023-07-20,8,0.20635,0.01421,0.0,3,0.22056,0.0203,0.92231
kube-system,2023-07-21,9,0.20503,0.0139,0.0,2,0.21893,0.02152,0.89386
kube-system,2023-07-22,10,0.19406,0.01268,0.0,2,0.20674,0.02133,0.90203
kube-system,2023-07-23,11,0.17977,0.01321,0.0,3,0.19298,0.0207,0.97694
kube-system,2023-07-24,12,0.21978,0.01477,0.0,2,0.23455,0.02101,0.91251
kube-system,2023-07-25,13,0.2266,0.01407,0.0,2,0.24067,0.02059,0.9206
kube-system,2023-07-26,14,0.23389,0.01574,0.0,4,0.24963,0.02081,0.94491
kube-system,2023-07-27,15,0.2223,0.01587,0.0,4,0.23817,0.02079,0.95896
kube-system,2023-07-28,16,0.23725,0.01522,0.0,4,0.25247,0.0211,0.96471
kube-system,2023-07-29,17,0.17449,0.01223,0.0,2,0.18672,0.02051,0.89096
kube-system,2023-07-30,18,0.18788,0.01276,0.0,2,0.20064,0.02009,0.97783
kube-system,2023-07-31,19,0.22373,0.01567,0.0,3,0.2394,0.02095,0.91112
kube-system,2023-08-01,20,0.22465,0.01433,0.0,2,0.23898,0.02087,0.93415
kube-system,2023-08-02,21,0.21857,0.01473,0.0,4,0.2333,0.02133,0.95866
kube-system,2023-08-03,22,0.24008,0.01424,0.0,3,0.25432,0.02167,0.93444
kube-system,2023-08-04,23,0.22525,0.01548,0.0,3,0.24073,0.01993,0.93752
kube-system,2023-08-05,24,0.19848,0.01375,0.0,3,0.21223,0.0203,0.97666
kube-system,2023-08-06,25,0.20341,0.01299,0.0,3,0.2164,0.02129,0.95031
kube-system,2023-08-07,26,0.24673,0.0169,0.0,3,0.26363,0.02012,0.92703
kube-system,2023-08-08,27,0.23047,0.01654,0.0,4,0.24701,0.02189,0.94046
kube-system,2023-08-09,28,0.23372,0.01695,0.0,4,0.25067,0.02062,0.95268
kube-system,2023-08-10,29,0.25246,0.01658,0.0,4,0.26904,0.01991,0.91516
kube-system,2023-08-11,30,0.25331,0.0154,0.0,4,0.26871,0.02014,0.93969
kube-system,2023-08-12,31,0.19731,0.01313,0.0,2,0.21044,0.02129,0.90291
kube-system,2023-08-13,32,0.20602,0.01366,0.0,2,0.21968,0.02061,0.90778
kube-system,2023-08-14,33,0.24241,0.01612,0.0,4,0.25853,0.01991,0.92977
kube-system,2023-08-15,34,0.25698,0.01639,0.0,3,0.27337,0.02189,0.95153
kube-system,2023-08-16,35,0.25662,0.01749,0.0,4,0.27411,0.02152,0.89135
kube-system,2023-08-17,36,0.2565,0.01699,0.0,3,0.27349,0.02106,0.9713
kube-system,2023-08-18,37,0.24569,0.01667,0.0,3,0.26236,0.0199,0.91896
kube-system,2023-08-19,38,0.2016,0.01317,0.0,2,0.21477,0.02001,0.96715
kube-system,2023-08-20,39,0.21999,0.0135,0.0,2,0.23349,0.02143,0.91974
kube-system,2023-08-21,40,0.25591,0.0157,0.0,2,0.27161,0.01998,0.96421
kube-system,2023-08-22,41,0.23911,0.01576,0.0,2,0.25487,0.02148,0.9532
kube-system,2023-08-23,42,0.25411,0.016,0.0,2,0.27011,0.02057,0.91608
kube-system,2023-08-24,43,0.23702,0.0177,0.0,2,0.25472,0.0218,0.89406
kube-system,2023-08-25,44,0.26644,0.01684,0.0,2,0.28328,0.02181,0.88825
kube-system,2023-08-26,45,0.21842,0.01516,0.0,2,0.23358,0.02001,0.88913
kube-system,2023-08-27,46,0.21,0.01581,0.0,1,0.22581,0.02188,0.94893
kube-system,2023-08-28,47,0.23935,0.01677,0.0,3,0.25612,0.02151,0.9502
kube-system,2023-08-29,48,0.27351,0.01633,0.0,3,0.28984,0.02066,0.89878
kube-system,2023-08-30,49,0.27784,0.01693,0.0,2,0.29477,0.02014,0.90626
kube-system,2023-08-31,50,0.27297,0.01855,0.0,3,0.29152,0.02122,0.94119
kube-system,2023-09-01,51,0.25099,0.01911,0.0,4,0.2701,0.02183,0.90356
kube-system,2023-09-02,52,0.21009,0.01575,0.0,1,0.22584,0.0206,0.97178
kube-system,2023-09-03,53,0.21828,0.01524,0.0,3,0.23352,0.01996,0.88896
kube-system,2023-09-04,54,0.25548,0.01862,0.0,2,0.2741,0.01994,0.93493
kube-system,2023-09-05,55,0.28212,0.01883,0.0,2,0.30095,0.02156,0.97773
kube-system,2023-09-06,56,0.28191,0.01827,0.0,3,0.30018,0.02091,0.89604
kube-system,2023-09-07,57,0.26734,0.01916,0.0,4,0.2865,0.02179,0.91434
kube-system,2023-09-08,58,0.28201,0.01892,0.0,5,0.30093,0.02188,0.9741
kube-system,2023-09-09,59,0.22171,0.01543,0.0,3,0.23714,0.01994,0.94718
kube-system,2023-09-10,60,0.25005,0.01624,0.0,2,0.26629,0.01985,0.93679
kube-system,2023-09-11,61,0.29452,0.01846,0.0,4,0.31298,0.02007,0.89289
kube-system,2023-09-12,62,0.26763,0.01845,0.0,3,0.28608,0.0204,0.91789
kube-system,2023-09-13,63,0.26756,0.01874,0.0,3,0.2863,0.02144,0.93339
kube-system,2023-09-14,64,0.2782,0.02012,0.0,5,0.29832,0.01998,0.95523
kube-system,2023-09-15,65,0.2907,0.02032,0.0,3,0.31102,0.01986,0.90217
kube-system,2023-09-16,66,0.23441,0.0159,0.0,3,0.25031,0.02038,0.90578
kube-system,2023-09-17,67,0.25453,0.01582,0.0,2,0.27035,0.02154,0.95531
kube-system,2023-09-18,68,0.28206,0.02006,0.0,5,0.30212,0.02075,0.92493
kube-system,2023-09-19,69,0.30565,0.01859,0.0,5,0.32424,0.02145,0.96906
kube-system,2023-09-20,70,0.26938,0.01972,0.0,5,0.2891,0.02011,0.97825
kube-system,2023-09-21,71,0.28742,0.01809,0.0,5,0.30551,0.02056,0.95101
kube-system,2023-09-22,72,0.29978,0.02078,0.0,3,0.32056,0.02164,0.93093
kube-system,2023-09-23,73,0.23583,0.01642,0.0,1,0.25225,0.02062,0.95538
kube-system,2023-09-24,74,0.25922,0.01562,0.0,3,0.27484,0.02092,0.94848
kube-system,2023-09-25,75,0.28253,0.01895,0.0,4,0.30148,0.02116,0.95727
kube-system,2023-09-26,76,0.29727,0.01957,0.0,5,0.31684,0.02009,0.93093
kube-system,2023-09-27,77,0.30608,0.01984,0.0,5,0.32592,0.02112,0.91807
kube-system,2023-09-28,78,0.2856,0.01884,0.0,3,0.30444,0.02089,0.88876
kube-system,2023-09-29,79,0.31613,0.01928,0.0,5,0.33541,0.02041,0.9197
kube-system,2023-09-30,80,0.26003,0.01689,0.0,2,0.27692,0.02131,0.92743
kube-system,2023-10-01,81,0.24975,0.01793,0.0,3,0.26768,0.02023,0.93554
kube-system,2023-10-02,82,0.28609,0.02222,0.0,5,0.30831,0.02063,0.95734
kube-system,2023-10-03,83,0.31184,0.02158,0.0,4,0.33342,0.02042,0.96603
kube-system,2023-10-04,84,0.30152,0.02048,0.0,4,0.322,0.02071,0.89018
kube-system,2023-10-05,85,0.30398,0.02073,0.0,3,0.32471,0.0207,0.95223
kube-system,2023-10-06,86,0.33142,0.02165,0.0,3,0.35307,0.02171,0.95207
kube-system,2023-10-07,87,0.28002,0.01886,0.0,2,0.29888,0.0203,0.95163
kube-system,2023-10-08,88,0.25064,0.0181,0.0,3,0.26874,0.0203,0.94222
kube-system,2023-10-09,89,0.29901,0.02075,0.0,5,0.31976,0.02129,0.96859
opencost,2023-07-12,0,0.00883,0.00625,0.0,3,0.01508,0.05427,0.27021
opencost,2023-07-13,1,0.00843,0.00695,0.0,3,0.01538,0.05461,0.28792
opencost,2023-07-14,2,0.00924,0.00672,0.0,2,0.01596,0.05596,0.27047
opencost,2023-07-15,3,0.00767,0.00557,0.0,1,0.01324,0.05466,0.27
opencost,2023-07-16,4,0.00779,0.00584,0.0,2,0.01363,0.05609,0.28185
opencost,2023-07-17,5,0.00938,0.00626,0.0,3,0.01564,0.05312,0.28908
opencost,2023-07-18,6,0.01007,0.00662,0.0,4,0.01669,0.05419,0.27631
opencost,2023-07-19,7,0.00974,0.00718,0.0,4,0.01692,0.05516,0.26891
opencost,2023-07-20,8,0.00959,0.00731,0.0,3,0.0169,0.0515,0.28683
opencost,2023-07-21,9,0.00909,0.00658,0.0,3,0.01567,0.05554,0.29105
opencost,2023-07-22,10,0.00808,0.00626,0.0,2,0.01434,0.05093,0.2709
opencost,2023-07-23,11,0.00858,0.00583,0.0,1,0.01441,0.0532,0.27379
opencost,2023-07-24,12,0.01031,0.00647,0.0,3,0.01678,0.05304,0.28163
opencost,2023-07-25,13,0.00906,0.00726,0.0,3,0.01632,0.05145,0.27044
opencost,2023-07-26,14,0.00977,0.00728,0.0,3,0.01705,0.05376,0.28935
opencost,2023-07-27,15,0.00907,0.00733,0.0,4,0.0164,0.0527,0.27921
opencost,2023-07-28,16,0.00985,0.0066,0.0,4,0.01645,0.05533,0.29052
opencost,2023-07-29,17,0.00845,0.00647,0.0,1,0.01492,0.05425,0.26835
opencost,2023-07-30,18,0.00807,0.00619,0.0,2,0.01426,0.056,0.27686
opencost,2023-07-31,19,0.00975,0.00749,0.0,2,0.01724,0.05484,0.2721
opencost,2023-08-01,20,0.00924,0.00704,0.0,4,0.01628,0.05605,0.2769
opencost,2023-08-02,21,0.00954,0.00773,0.0,2,0.01727,0.05456,0.27863
opencost,2023-08-03,22,0.0107,0.00787,0.0,4,0.01857,0.05486,0.27669
opencost,2023-08-04,23,0.01004,0.00763,0.0,2,0.01767,0.05219,0.28518
opencost,2023-08-05,24,0.00876,0.00612,0.0,2,0.01488,0.05183,0.27653
opencost,2023-08-06,25,0.00813,0.00603,0.0,2,0.01416,0.0528,0.28886
opencost,2023-08-07,26,0.01048,0.00738,0.0,4,0.01786,0.05101,0.28141
opencost,2023-08-08,27,0.01012,0.0075,0.0,4,0.01762,0.05177,0.28492
opencost,2023-08-09,28,0.01095,0.00723,0.0,4,0.01818,0.05499,0.28995
opencost,2023-08-10,29,0.01113,0.00814,0.0,4,0.01927,0.051,0.28738
opencost,2023-08-11,30,0.01016,0.00783,0.0,2,0.01799,0.05213,0.28585
opencost,2023-08-12,31,0.00833,0.00674,0.0,2,0.01507,0.0513,0.2929
opencost,2023-08-13,32,0.00847,0.00668,0.0,1,0.01515,0.05092,0.2959
opencost,2023-08-14,33,0.01074,0.00809,0.0,4,0.01883,0.05525,0.29253
opencost,2023-08-15,34,0.01053,0.00761,0.0,2,0.01814,0.05193,0.27506
opencost,2023-08-16,35,0.01063,0.00814,0.0,4,0.01877,0.05511,0.2808
opencost,2023-08-17,36,0.01142,0.00756,0.0,4,0.01898,0.05524,0.29614
opencost,2023-08-18,37,0.0106,0.00732,0.0,4,0.01792,0.05609,0.28659
opencost,2023-08-19,38,0.0087,0.00682,0.0,2,0.01552,0.053,0.27294
opencost,2023-08-20,39,0.00921,0.00657,0.0,1,0.01578,0.05344,0.28243
opencost,2023-08-21,40,0.01049,0.00802,0.0,3,0.01851,0.05176,0.29207
opencost,2023-08-22,41,0.01055,0.00757,0.0,3,0.01812,0.05275,0.26828
opencost,2023-08-23,42,0.01057,0.00789,0.0,4,0.01846,0.05379,0.28721
opencost,2023-08-24,43,0.0109,0.00852,0.0,4,0.01942,0.05421,0.27253
opencost,2023-08-25,44,0.01144,0.00763,0.0,3,0.01907,0.05601,0.29385
opencost,2023-08-26,45,0.00938,0.0065,0.0,3,0.01588,0.05189,0.29184
opencost,2023-08-27,46,0.0096,0.00648,0.0,1,0.01608,0.05092,0.2745
opencost,2023-08-28,47,0.01148,0.00788,0.0,3,0.01936,0.05159,0.28774
opencost,2023-08-29,48,0.01081,0.00842,0.0,4,0.01923,0.05109,0.26965
opencost,2023-08-30,49,0.01242,0.00799,0.0,3,0.02041,0.05214,0.27361
opencost,2023-08-31,50,0.0124,0.00818,0.0,4,0.02058,0.05575,0.28896
opencost,2023-09-01,51,0.01134,0.00883,0.0,3,0.02017,0.05501,0.27979
opencost,2023-09-02,52,0.01006,0.00683,0.0,2,0.01689,0.05169,0.2754
opencost,2023-09-03,53,0.00977,0.00772,0.0,3,0.01749,0.0531,0.27894
opencost,2023-09-04,54,0.01184,0.00879,0.0,4,0.02063,0.0524,0.27023
opencost,2023-09-05,55,0.01159,0.00905,0.0,2,0.02064,0.05356,0.27416
opencost,2023-09-06,56,0.01258,0.00885,0.0,3,0.02143,0.05369,0.26985
opencost,2023-09-07,57,0.01112,0.00858,0.0,4,0.0197,0.05439,0.28147
opencost,2023-09-08,58,0.01309,0.00882,0.0,3,0.02191,0.05105,0.27537
opencost,2023-09-09,59,0.00959,0.00767,0.0,1,0.01726,0.05527,0.29068
opencost,2023-09-10,60,0.00984,0.00774,0.0,3,0.01758,0.05508,0.27116
opencost,2023-09-11,61,0.01298,0.00817,0.0,3,0.02115,0.05192,0.29098
opencost,2023-09-12,62,0.01257,0.00834,0.0,3,0.02091,0.05286,0.28688
opencost,2023-09-13,63,0.01304,0.00864,0.0,5,0.02168,0.05082,0.28959
opencost,2023-09-14,64,0.01236,0.00917,0.0,4,0.02153,0.05259,0.27534
opencost,2023-09-15,65,0.01267,0.00888,0.0,4,0.02155,0.05352,0.27737
opencost,2023-09-16,66,0.01105,0.00781,0.0,2,0.01886,0.05169,0.27134
opencost,2023-09-17,67,0.01114,0.0081,0.0,2,0.01924,0.05332,0.29046
opencost,2023-09-18,68,0.01266,0.00945,0.0,4,0.02211,0.05104,0.27254
opencost,2023-09-19,69,0.01303,0.00884,0.0,5,0.02187,0.05102,0.28248
opencost,2023-09-20,70,0.01243,0.00953,0.0,5,0.02196,0.05483,0.28542
opencost,2023-09-21,71,0.012,0.00878,0.0,5,0.02078,0.05521,0.27159
opencost,2023-09-22,72,0.0124,0.00981,0.0,4,0.02221,0.05518,0.27919
opencost,2023-09-23,73,0.01145,0.00786,0.0,1,0.01931,0.05532,0.28955
opencost,2023-09-24,74,0.01155,0.00773,0.0,2,0.01928,0.0511,0.28323
opencost,2023-09-25,75,0.01237,0.00949,0.0,5,0.02186,0.05082,0.27057
opencost,2023-09-26,76,0.01371,0.00881,0.0,3,0.02252,0.05311,0.27681
opencost,2023-09-27,77,0.01334,0.01027,0.0,5,0.02361,0.05338,0.2807
opencost,2023-09-28,78,0.0142,0.01032,0.0,3,0.02452,0.05583,0.2821
opencost,2023-09-29,79,0.01257,0.01045,0.0,3,0.02302,0.05374,0.285
opencost,2023-09-30,80,0.012,0.00845,0.0,3,0.02045,0.0511,0.27533
opencost,2023-10-01,81,0.0117,0.00886,0.0,1,0.02056,0.05451,0.28892
opencost,2023-10-02,82,0.01346,0.00961,0.0,4,0.02307,0.05596,0.28296
opencost,2023-10-03,83,0.01284,0.01012,0.0,4,0.02296,0.05485,0.28854
opencost,2023-10-04,84,0.01424,0.00962,0.0,3,0.02386,0.05429,0.27069
opencost,2023-10-05,85,0.01316,0.00999,0.0,3,0.02315,0.05538,0.28371
opencost,2023-10-06,86,0.01287,0.01012,0.0,5,0.02299,0.0535,0.29065
opencost,2023-10-07,87,0.01116,0.00898,0.0,3,0.02014,0.05501,0.28615
opencost,2023-10-08,88,0.01166,0.00827,0.0,1,0.01993,0.05322,0.28752
opencost,2023-10-09,89,0.01492,0.00938,0.0,3,0.0243,0.05201,0.29422
prometheus,2023-07-12,0,0.00316,0.01741,0.0,4,0.02057,0.99132,0.96404
prometheus,2023-07-13,1,0.00304,0.01804,0.0,2,0.02108,1.01398,0.97975
prometheus,2023-07-14,2,0.00294,0.01714,0.0,3,0.02008,0.98862,0.99494
prometheus,2023-07-15,3,0.00283,0.01498,0.0,3,0.01781,0.95991,0.97049
prometheus,2023-07-16,4,0.00287,0.01397,0.0,1,0.01684,1.03832,0.96199
prometheus,2023-07-17,5,0.00338,0.01731,0.0,3,0.02069,0.96025,0.96416
prometheus,2023-07-18,6,0.00339,0.01752,0.0,3,0.02091,1.04705,0.96206
prometheus,2023-07-19,7,0.00298,0.0173,0.0,2,0.02028,0.99225,0.98417
prometheus,2023-07-20,8,0.00339,0.01676,0.0,4,0.02015,0.98371,1.04121
prometheus,2023-07-21,9,0.00319,0.01819,0.0,2,0.02138,1.04637,0.96737
prometheus,2023-07-22,10,0.00261,0.01496,0.0,3,0.01757,0.99695,0.98946
prometheus,2023-07-23,11,0.00301,0.01586,0.0,1,0.01887,0.95511,1.04139
prometheus,2023-07-24,12,0.00322,0.01777,0.0,2,0.02099,1.03037,0.98442
prometheus,2023-07-25,13,0.00307,0.01956,0.0,3,0.02263,0.97516,0.97463
prometheus,2023-07-26,14,0.00318,0.01839,0.0,4,0.02157,0.98389,1.02673
prometheus,2023-07-27,15,0.00326,0.01934,0.0,3,0.0226,0.98118,1.04739
prometheus,2023-07-28,16,0.00321,0.01961,0.0,4,0.02282,0.95902,1.03935
prometheus,2023-07-29,17,0.00303,0.01688,0.0,1,0.01991,1.02377,0.98561
prometheus,2023-07-30,18,0.00303,0.01497,0.0,3,0.018,1.0204,0.98336
prometheus,2023-07-31,19,0.0034,0.01844,0.0,3,0.02184,1.02368,0.9926
prometheus,2023-08-01,20,0.00342,0.02022,0.0,4,0.02364,1.01912,0.9543
prometheus,2023-08-02,21,0.00335,0.0204,0.0,2,0.02375,0.98718,1.03813
prometheus,2023-08-03,22,0.00358,0.01995,0.0,4,0.02353,0.9897,0.98012
prometheus,2023-08-04,23,0.00365,0.01797,0.0,4,0.02162,0.98194,1.03805
prometheus,2023-08-05,24,0.00294,0.01613,0.0,1,0.01907,0.97377,0.98821
prometheus,2023-08-06,25,0.00312,0.01578,0.0,1,0.0189,0.95067,1.03011
prometheus,2023-08-07,26,0.00368,0.02063,0.0,2,0.02431,1.04974,0.9792
prometheus,2023-08-08,27,0.00335,0.02043,0.0,3,0.02378,0.96628,1.01188
prometheus,2023-08-09,28,0.00356,0.01831,0.0,2,0.02187,1.01306,1.01036
prometheus,2023-08-10,29,0.00337,0.02048,0.0,4,0.02385,1.03211,1.01933
prometheus,2023-08-11,30,0.00384,0.02092,0.0,4,0.02476,0.96852,1.02845
prometheus,2023-08-12,31,0.00297,0.01664,0.0,2,0.01961,1.04977,0.98084
prometheus,2023-08-13,32,0.00325,0.01589,0.0,3,0.01914,1.00223,1.03462
prometheus,2023-08-14,33,0.00382,0.01995,0.0,2,0.02377,0.98108,1.01244
prometheus,2023-08-15,34,0.00356,0.02089,0.0,2,0.02445,0.98515,1.03704
prometheus,2023-08-16,35,0.00342,0.02184,0.0,2,0.02526,1.00078,1.01639
prometheus,2023-08-17,36,0.00348,0.02093,0.0,3,0.02441,1.04812,1.02628
prometheus,2023-08-18,37,0.00353,0.02105,0.0,4,0.02458,0.99389,0.98281
prometheus,2023-08-19,38,0.0031,0.01681,0.0,2,0.01991,0.96467,1.01896
prometheus,2023-08-20,39,0.00299,0.01754,0.0,1,0.02053,1.02446,1.0193
prometheus,2023-08-21,40,0.0036,0.01968,0.0,4,0.02328,1.00222,1.00239
prometheus,2023-08-22,41,0.00386,0.02214,0.0,2,0.026,0.98995,1.03654
prometheus,2023-08-23,42,0.00367,0.02047,0.0,3,0.02414,0.98296,0.98835
prometheus,2023-08-24,43,0.00364,0.01978,0.0,4,0.02342,0.95871,0.9531
prometheus,2023-08-25,44,0.00371,0.02226,0.0,3,0.02597,1.01355,1.02082
prometheus,2023-08-26,45,0.0033,0.01681,0.0,2,0.02011,1.03523,1.00076
prometheus,2023-08-27,46,0.0035,0.01916,0.0,3,0.02266,0.97046,0.99356
prometheus,2023-08-28,47,0.0042,0.02121,0.0,2,0.02541,1.0217,0.95454
prometheus,2023-08-29,48,0.00406,0.02105,0.0,4,0.02511,0.9722,0.95978
prometheus,2023-08-30,49,0.00396,0.02291,0.0,4,0.02687,1.01294,0.95205
prometheus,2023-08-31,50,0.0039,0.02292,0.0,2,0.02682,1.03317,0.9884
prometheus,2023-09-01,51,0.00401,0.02196,0.0,4,0.02597,1.00345,1.00116
prometheus,2023-09-02,52,0.00316,0.01731,0.0,2,0.02047,0.99572,0.99483
prometheus,2023-09-03,53,0.00352,0.01905,0.0,1,0.02257,0.9884,1.04998
prometheus,2023-09-04,54,0.00396,0.02372,0.0,4,0.02768,0.99023,0.99623
prometheus,2023-09-05,55,0.00434,0.02125,0.0,3,0.02559,0.98124,1.04955
prometheus,2023-09-06,56,0.00439,0.02174,0.0,3,0.02613,1.01647,1.01771
prometheus,2023-09-07,57,0.00405,0.02236,0.0,2,0.02641,1.00366,0.95573
prometheus,2023-09-08,58,0.0043,0.02199,0.0,4,0.02629,1.04147,1.0123
prometheus,2023-09-09,59,0.00355,0.01976,0.0,1,0.02331,1.00189,0.98907
prometheus,2023-09-10,60,0.00362,0.02062,0.0,1,0.02424,1.03646,0.98434
prometheus,2023-09-11,61,0.00435,0.02366,0.0,5,0.02801,1.00039,0.97859
prometheus,2023-09-12,62,0.00408,0.02381,0.0,4,0.02789,1.02973,1.00935
prometheus,2023-09-13,63,0.00427,0.02161,0.0,3,0.02588,1.00169,1.01692
prometheus,2023-09-14,64,0.00454,0.02451,0.0,5,0.02905,0.95891,0.97861
prometheus,2023-09-15,65,0.00461,0.02209,0.0,4,0.0267,0.96502,0.95248
prometheus,2023-09-16,66,0.00379,0.01968,0.0,3,0.02347,1.00159,0.95386
prometheus,2023-09-17,67,0.0035,0.02118,0.0,2,0.02468,1.04546,1.0212
prometheus,2023-09-18,68,0.00438,0.02351,0.0,4,0.02789,1.03898,1.01018
prometheus,2023-09-19,69,0.00432,0.02578,0.0,4,0.0301,0.98606,1.00669
prometheus,2023-09-20,70,0.00425,0.0258,0.0,3,0.03005,1.00401,1.00641
prometheus,2023-09-21,71,0.00471,0.02582,0.0,4,0.03053,0.95096,0.97421
prometheus,2023-09-22,72,0.0044,0.02357,0.0,3,0.02797,0.95266,1.046
prometheus,2023-09-23,73,0.00378,0.02185,0.0,2,0.02563,0.96129,0.98545
prometheus,2023-09-24,74,0.00383,0.02007,0.0,2,0.0239,1.00375,1.02359
prometheus,2023-09-25,75,0.00465,0.02571,0.0,4,0.03036,0.97508,1.03639
prometheus,2023-09-26,76,0.0043,0.02688,0.0,5,0.03118,1.04012,1.04591
prometheus,2023-09-27,77,0.00482,0.02424,0.0,5,0.02906,1.04308,1.00492
prometheus,2023-09-28,78,0.00466,0.02519,0.0,5,0.02985,0.95787,1.04999
prometheus,2023-09-29,79,0.00444,0.02422,0.0,5,0.02866,1.01416,0.97617
prometheus,2023-09-30,80,0.00424,0.02303,0.0,1,0.02727,0.96166,1.0479
prometheus,2023-10-01,81,0.00402,0.02062,0.0,1,0.02464,0.95817,1.01063
prometheus,2023-10-02,82,0.00505,0.02613,0.0,4,0.03118,0.98292,0.95071
prometheus,2023-10-03,83,0.0048,0.02769,0.0,3,0.03249,1.01874,0.96217
prometheus,2023-10-04,84,0.00482,0.02652,0.0,5,0.03134,0.95637,0.963
prometheus,2023-10-05,85,0.00457,0.02555,0.0,3,0.03012,1.01695,0.99997
prometheus,2023-10-06,86,0.00442,0.02669,0.0,5,0.03111,0.97287,0.99874
prometheus,2023-10-07,87,0.00382,0.02209,0.0,3,0.02591,1.01855,0.9706
prometheus,2023-10-08,88,0.00414,0.02073,0.0,2,0.02487,0.98298,0.99291
prometheus,2023-10-09,89,0.00496,0.02854,0.0,4,0.0335,0.97627,1.04145
production-api,2023-07-12,0,0.52936,0.18054,0.0729,11,0.7828,0.42794,0.69455
production-api,2023-07-13,1,0.48699,0.18287,0.07639,12,0.74625,0.4498,0.67913
production-api,2023-07-14,2,0.47284,0.17096,0.06969,12,0.71349,0.46119,0.66654
production-api,2023-07-15,3,0.45893,0.15411,0.06887,8,0.68191,0.46847,0.7245
production-api,2023-07-16,4,0.47163,0.15449,0.07521,7,0.70133,0.46358,0.69429
production-api,2023-07-17,5,0.68117,0.22032,0.06922,15,0.97071,0.47169,0.71817
production-api,2023-07-18,6,0.49497,0.17064,0.08002,13,0.74563,0.47154,0.68065
production-api,2023-07-19,7,0.55904,0.19164,0.07642,11,0.8271,0.44074,0.69236
production-api,2023-07-20,8,0.53245,0.17811,0.07188,12,0.78244,0.45018,0.71545
production-api,2023-07-21,9,0.54359,0.17696,0.07386,12,0.79441,0.45781,0.68096
production-api,2023-07-22,10,0.45242,0.15941,0.07913,9,0.69096,0.43344,0.73355
production-api,2023-07-23,11,0.49629,0.16235,0.07394,9,0.73258,0.44871,0.70096
production-api,2023-07-24,12,0.7035,0.23556,0.07849,15,1.01755,0.44764,0.71087
production-api,2023-07-25,13,0.52305,0.20275,0.0821,13,0.8079,0.43966,0.67062
production-api,2023-07-26,14,0.58617,0.20316,0.07806,13,0.86739,0.47087,0.69993
production-api,2023-07-27,15,0.60386,0.20548,0.07777,12,0.88711,0.44568,0.70967
production-api,2023-07-28,16,0.56174,0.19475,0.08097,14,0.83746,0.43678,0.70531
production-api,2023-07-29,17,0.46516,0.17828,0.07642,9,0.71986,0.44234,0.72739
production-api,2023-07-30,18,0.51881,0.16037,0.0767,9,0.75588,0.43774,0.72146
production-api,2023-07-31,19,0.73181,0.22476,0.08459,16,1.04116,0.47152,0.67098
production-api,2023-08-01,20,0.5819,0.20349,0.08234,13,0.86773,0.45118,0.73218
production-api,2023-08-02,21,0.57958,0.20732,0.08802,14,0.87492,0.46413,0.70258
production-api,2023-08-03,22,0.60309,0.21809,0.08958,15,0.91076,0.46629,0.67444
production-api,2023-08-04,23,0.60245,0.19217,0.09129,14,0.88591,0.45954,0.66968
production-api,2023-08-05,24,0.53951,0.18025,0.09217,9,0.81193,0.44304,0.67005
production-api,2023-08-06,25,0.51936,0.1675,0.09037,8,0.77723,0.46958,0.71602
production-api,2023-08-07,26,0.75986,0.23375,0.0898,19,1.08341,0.45718,0.6996
production-api,2023-08-08,27,0.59775,0.21162,0.09393,15,0.9033,0.45572,0.71155
production-api,2023-08-09,28,0.664,0.20045,0.08386,15,0.94831,0.43396,0.68253
production-api,2023-08-10,29,0.66998,0.20794,0.08589,15,0.96381,0.44374,0.70487
production-api,2023-08-11,30,0.66161,0.20123,0.08515,14,0.94799,0.44532,0.72654
production-api,2023-08-12,31,0.54044,0.19566,0.0873,10,0.8234,0.4644,0.71201
production-api,2023-08-13,32,0.56956,0.19701,0.08964,11,0.85621,0.45955,0.68515
production-api,2023-08-14,33,0.8711,0.27048,0.09631,18,1.23789,0.43246,0.72859
production-api,2023-08-15,34,0.69992,0.20826,0.09618,16,1.00436,0.44827,0.66547
production-api,2023-08-16,35,0.61902,0.24042,0.10169,14,0.96113,0.44282,0.72653
production-api,2023-08-17,36,0.64115,0.22702,0.10232,14,0.97049,0.468,0.67734
production-api,2023-08-18,37,0.69909,0.21861,0.09663,17,1.01433,0.46664,0.66591
production-api,2023-08-19,38,0.61942,0.20855,0.09233,11,0.9203,0.44399,0.70926
production-api,2023-08-20,39,0.5572,0.21169,0.1026,11,0.87149,0.45354,0.71943
production-api,2023-08-21,40,0.85699,0.26419,0.09385,21,1.21503,0.4419,0.72153
production-api,2023-08-22,41,0.63901,0.23997,0.10394,17,0.98292,0.47238,0.70638
production-api,2023-08-23,42,0.66282,0.24075,0.09708,16,1.00065,0.45744,0.67824
production-api,2023-08-24,43,0.72999,0.24568,0.10597,15,1.08164,0.44414,0.71867
production-api,2023-08-25,44,0.73803,0.22888,0.09434,17,1.06125,0.45596,0.70623
production-api,2023-08-26,45,0.61669,0.21791,0.103,11,0.9376,0.43323,0.71935
production-api,2023-08-27,46,0.6451,0.22635,0.09764,11,0.96909,0.44097,0.71485
production-api,2023-08-28,47,0.95328,0.29879,0.1026,22,1.35467,0.46462,0.73327
production-api,2023-08-29,48,0.75244,0.23364,0.10797,18,1.09405,0.43791,0.67589
production-api,2023-08-30,49,0.78719,0.27073,0.10486,17,1.16278,0.44726,0.67693
production-api,2023-08-31,50,0.71717,0.27425,0.1042,18,1.09562,0.43858,0.70801
production-api,2023-09-01,51,0.80998,0.23783,0.09917,19,1.14698,0.46715,0.7
production-api,2023-09-02,52,0.62569,0.22447,0.11665,13,0.96681,0.44851,0.68451
production-api,2023-09-03,53,0.61708,0.23091,0.11039,12,0.95838,0.43446,0.72037
production-api,2023-09-04,54,1.01323,0.32107,0.10907,24,1.44337,0.46956,0.66561
production-api,2023-09-05,55,0.80845,0.28231,0.11018,19,1.20094,0.45516,0.71547
production-api,2023-09-06,56,0.73715,0.25462,0.10593,18,1.0977,0.4396,0.71512
production-api,2023-09-07,57,0.75813,0.26595,0.11017,19,1.13425,0.44374,0.72312
production-api,2023-09-08,58,0.7724,0.2611,0.11434,20,1.14784,0.42943,0.72211
production-api,2023-09-09,59,0.72209,0.21613,0.11285,14,1.05107,0.44965,0.72302
production-api,2023-09-10,60,0.68281,0.22543,0.10836,12,1.0166,0.43638,0.6831
production-api,2023-09-11,61,1.02918,0.3543,0.11521,24,1.49869,0.43303,0.73103
production-api,2023-09-12,62,0.76472,0.26503,0.12513,20,1.15488,0.46012,0.70905
production-api,2023-09-13,63,0.80474,0.29662,0.1122,20,1.21356,0.45622,0.72452
production-api,2023-09-14,64,0.89221,0.28981,0.12293,20,1.30495,0.44117,0.69975
production-api,2023-09-15,65,0.7779,0.30859,0.11581,20,1.2023,0.44675,0.7275
production-api,2023-09-16,66,0.70313,0.25023,0.12508,13,1.07844,0.43124,0.70692
production-api,2023-09-17,67,0.78182,0.23434,0.11478,15,1.13094,0.47216,0.67372
production-api,2023-09-18,68,1.10201,0.33068,0.12856,27,1.56125,0.46433,0.68922
production-api,2023-09-19,69,0.81957,0.32042,0.12865,20,1.26864,0.45953,0.71284
production-api,2023-09-20,70,0.89287,0.32265,0.13444,19,1.34996,0.4588,0.72564
production-api,2023-09-21,71,0.87227,0.31876,0.13192,21,1.32295,0.43373,0.72252
production-api,2023-09-22,72,0.90768,0.30096,0.13363,20,1.34227,0.45017,0.72448
production-api,2023-09-23,73,0.75757,0.27803,0.13568,15,1.17128,0.45845,0.68624
production-api,2023-09-24,74,0.70544,0.27166,0.13516,15,1.11226,0.46318,0.6797
production-api,2023-09-25,75,1.15121,0.35214,0.12284,26,1.62619,0.46854,0.67221
production-api,2023-09-26,76,0.87928,0.30815,0.12477,20,1.3122,0.46441,0.71481
production-api,2023-09-27,77,0.95629,0.33924,0.12946,22,1.42499,0.42892,0.71325
production-api,2023-09-28,78,0.98694,0.34153,0.13691,22,1.46538,0.42944,0.72679
production-api,2023-09-29,79,0.90142,0.31852,0.13983,22,1.35977,0.43261,0.67026
production-api,2023-09-30,80,0.84148,0.2852,0.13346,15,1.26014,0.45383,0.70813
production-api,2023-10-01,81,0.7969,0.29675,0.13602,15,1.22967,0.46904,0.71168
production-api,2023-10-02,82,1.2094,0.41038,0.13704,29,1.75682,0.43426,0.72183
production-api,2023-10-03,83,0.9802,0.32794,0.12864,24,1.43678,0.46625,0.70973
production-api,2023-10-04,84,0.97991,0.35331,0.13324,22,1.46646,0.45285,0.66776
production-api,2023-10-05,85,0.99759,0.32563,0.14072,23,1.46394,0.42999,0.68203
production-api,2023-10-06,86,0.98066,0.36633,0.15122,24,1.49821,0.44367,0.68436
production-api,2023-10-07,87,0.83774,0.28311,0.14057,17,1.26142,0.44546,0.70361
production-api,2023-10-08,88,0.82714,0.29725,0.14499,16,1.26938,0.4566,0.66842
production-api,2023-10-09,89,1.27979,0.39133,0.1529,30,1.82402,0.43258,0.68398
postgres-db,2023-07-12,0,0.11748,0.16484,0.36243,3,0.64475,0.19135,0.85103
postgres-db,2023-07-13,1,0.12354,0.16856,0.33009,2,0.62219,0.19019,0.90585
postgres-db,2023-07-14,2,0.11636,0.17604,0.36111,3,0.65351,0.20089,0.86965
postgres-db,2023-07-15,3,0.09829,0.13638,0.35546,1,0.59013,0.20542,0.90586
postgres-db,2023-07-16,4,0.09111,0.13655,0.38683,1,0.61449,0.19297,0.8427
postgres-db,2023-07-17,5,0.11287,0.17975,0.38278,3,0.6754,0.20468,0.90545
postgres-db,2023-07-18,6,0.11987,0.16372,0.37525,2,0.65884,0.19937,0.85304
postgres-db,2023-07-19,7,0.10764,0.1823,0.33694,3,0.62688,0.19318,0.89163
postgres-db,2023-07-20,8,0.11941,0.16867,0.35759,2,0.64567,0.1942,0.8595
postgres-db,2023-07-21,9,0.12573,0.17917,0.36555,4,0.67045,0.20516,0.91205
postgres-db,2023-07-22,10,0.10335,0.1536,0.36596,2,0.62291,0.19455,0.92089
postgres-db,2023-07-23,11,0.09488,0.16075,0.36521,3,0.62084,0.1907,0.9012
postgres-db,2023-07-24,12,0.11771,0.16635,0.35266,4,0.63672,0.19563,0.91425
postgres-db,2023-07-25,13,0.12744,0.18342,0.3423,2,0.65316,0.20634,0.91957
postgres-db,2023-07-26,14,0.11929,0.19021,0.39934,2,0.70884,0.19231,0.85422
postgres-db,2023-07-27,15,0.11549,0.18668,0.40133,3,0.7035,0.1968,0.87383
postgres-db,2023-07-28,16,0.11565,0.17496,0.37486,2,0.66547,0.20597,0.8707
postgres-db,2023-07-29,17,0.10339,0.14359,0.39536,2,0.64234,0.19168,0.88438
postgres-db,2023-07-30,18,0.09638,0.14617,0.38039,1,0.62294,0.19115,0.88599
postgres-db,2023-07-31,19,0.12516,0.17539,0.39281,3,0.69336,0.20818,0.91394
postgres-db,2023-08-01,20,0.12614,0.16823,0.39479,4,0.68916,0.20031,0.90903
postgres-db,2023-08-02,21,0.11224,0.19262,0.36662,3,0.67148,0.20423,0.91893
postgres-db,2023-08-03,22,0.12497,0.18469,0.37889,2,0.68855,0.20866,0.909
postgres-db,2023-08-04,23,0.11949,0.17226,0.41005,4,0.7018,0.19185,0.91353
postgres-db,2023-08-05,24,0.10982,0.14705,0.3944,2,0.65127,0.1946,0.87214
postgres-db,2023-08-06,25,0.10425,0.16818,0.36145,3,0.63388,0.19181,0.91711
postgres-db,2023-08-07,26,0.12481,0.1747,0.37703,4,0.67654,0.19515,0.84222
postgres-db,2023-08-08,27,0.12754,0.19249,0.40167,3,0.7217,0.19307,0.85804
postgres-db,2023-08-09,28,0.12323,0.1966,0.41445,2,0.73428,0.19452,0.86383
postgres-db,2023-08-10,29,0.12927,0.18375,0.41667,3,0.72969,0.19766,0.87922
postgres-db,2023-08-11,30,0.11855,0.19797,0.38737,3,0.70389,0.1935,0.87708
postgres-db,2023-08-12,31,0.10701,0.16031,0.38552,3,0.65284,0.19334,0.84209
postgres-db,2023-08-13,32,0.09857,0.16617,0.42257,2,0.68731,0.19283,0.91185
postgres-db,2023-08-14,33,0.12682,0.19158,0.39174,2,0.71014,0.19772,0.85733
postgres-db,2023-08-15,34,0.12873,0.19142,0.4035,3,0.72365,0.20652,0.89795
postgres-db,2023-08-16,35,0.12821,0.19983,0.40707,4,0.73511,0.20369,0.90529
postgres-db,2023-08-17,36,0.12218,0.1862,0.39698,3,0.70536,0.19489,0.852
postgres-db,2023-08-18,37,0.1369,0.17672,0.41194,3,0.72556,0.20102,0.86592
postgres-db,2023-08-19,38,0.10087,0.17265,0.40551,2,0.67903,0.19378,0.83937
postgres-db,2023-08-20,39,0.10595,0.16289,0.41358,3,0.68242,0.20317,0.84174
postgres-db,2023-08-21,40,0.11946,0.18975,0.39493,4,0.70414,0.19597,0.87644
postgres-db,2023-08-22,41,0.13304,0.19421,0.43004,3,0.75729,0.19282,0.91825
postgres-db,2023-08-23,42,0.13828,0.20663,0.41966,4,0.76457,0.20672,0.88296
postgres-db,2023-08-24,43,0.13291,0.19283,0.40989,3,0.73563,0.20629,0.87015
postgres-db,2023-08-25,44,0.12951,0.18888,0.4283,4,0.74669,0.20742,0.89255
postgres-db,2023-08-26,45,0.11204,0.15736,0.37928,1,0.64868,0.20185,0.88338
postgres-db,2023-08-27,46,0.11155,0.18024,0.4216,3,0.71339,0.20254,0.88028
postgres-db,2023-08-28,47,0.13914,0.20098,0.42085,3,0.76097,0.20007,0.8637
postgres-db,2023-08-29,48,0.13077,0.19365,0.44042,2,0.76484,0.19146,0.88673
postgres-db,2023-08-30,49,0.12621,0.20575,0.44229,4,0.77425,0.20686,0.87172
postgres-db,2023-08-31,50,0.12358,0.19899,0.41957,2,0.74214,0.19818,0.91926
postgres-db,2023-09-01,51,0.12717,0.18681,0.41549,4,0.72947,0.20388,0.90049
postgres-db,2023-09-02,52,0.11268,0.17675,0.42723,1,0.71666,0.20002,0.8636
postgres-db,2023-09-03,53,0.1096,0.18189,0.41934,2,0.71083,0.20735,0.83763
postgres-db,2023-09-04,54,0.13025,0.21418,0.41687,3,0.7613,0.19011,0.86186
postgres-db,2023-09-05,55,0.13521,0.21753,0.4467,3,0.79944,0.19497,0.92293
postgres-db,2023-09-06,56,0.14116,0.21006,0.4397,4,0.79092,0.20967,0.85909
postgres-db,2023-09-07,57,0.13332,0.19551,0.43815,3,0.76698,0.1963,0.85794
postgres-db,2023-09-08,58,0.14317,0.19788,0.41893,2,0.75998,0.19958,0.88623
postgres-db,2023-09-09,59,0.11784,0.18631,0.42228,3,0.72643,0.20701,0.85617
postgres-db,2023-09-10,60,0.12486,0.18731,0.39652,1,0.70869,0.1966,0.91665
postgres-db,2023-09-11,61,0.12908,0.20028,0.44243,4,0.77179,0.20555,0.86634
postgres-db,2023-09-12,62,0.14333,0.20376,0.43931,4,0.7864,0.1954,0.87199
postgres-db,2023-09-13,63,0.12764,0.21813,0.43901,4,0.78478,0.20458,0.91519
postgres-db,2023-09-14,64,0.14733,0.21514,0.407,2,0.76947,0.20345,0.85978
postgres-db,2023-09-15,65,0.14175,0.22196,0.40387,2,0.76758,0.20437,0.85985
postgres-db,2023-09-16,66,0.11737,0.16765,0.46311,2,0.74813,0.1918,0.90052
postgres-db,2023-09-17,67,0.12245,0.18391,0.45242,3,0.75878,0.19797,0.8678
postgres-db,2023-09-18,68,0.13509,0.19579,0.44693,4,0.77781,0.19681,0.88501
postgres-db,2023-09-19,69,0.13553,0.19709,0.47324,2,0.80586,0.20807,0.91835
postgres-db,2023-09-20,70,0.1383,0.20796,0.45128,2,0.79754,0.1981,0.84552
postgres-db,2023-09-21,71,0.15133,0.20359,0.43519,3,0.79011,0.19345,0.89527
postgres-db,2023-09-22,72,0.13096,0.2004,0.42648,4,0.75784,0.20973,0.84689
postgres-db,2023-09-23,73,0.11945,0.19099,0.47517,1,0.78561,0.20706,0.88381
postgres-db,2023-09-24,74,0.13023,0.18789,0.44999,3,0.76811,0.20526,0.91508
postgres-db,2023-09-25,75,0.14733,0.2061,0.44621,3,0.79964,0.20021,0.87833
postgres-db,2023-09-26,76,0.15067,0.21511,0.42449,2,0.79027,0.20123,0.84031
postgres-db,2023-09-27,77,0.13986,0.19909,0.41877,4,0.75772,0.2021,0.92269
postgres-db,2023-09-28,78,0.13348,0.22479,0.42458,4,0.78285,0.19302,0.92285
postgres-db,2023-09-29,79,0.14906,0.21975,0.42739,4,0.7962,0.19771,0.92169
postgres-db,2023-09-30,80,0.12463,0.17649,0.43036,3,0.73148,0.2055,0.86362
postgres-db,2023-10-01,81,0.12348,0.19618,0.4363,3,0.75596,0.19441,0.8987
postgres-db,2023-10-02,82,0.1501,0.23349,0.42506,4,0.80865,0.20669,0.87634
postgres-db,2023-10-03,83,0.14099,0.21896,0.49226,4,0.85221,0.2017,0.89376
postgres-db,2023-10-04,84,0.15794,0.2157,0.48892,4,0.86256,0.19232,0.84298
postgres-db,2023-10-05,85,0.14277,0.21311,0.49306,2,0.84894,0.20956,0.84344
postgres-db,2023-10-06,86,0.13909,0.22823,0.42619,3,0.79351,0.20852,0.85143
postgres-db,2023-10-07,87,0.11618,0.19056,0.48278,3,0.78952,0.19685,0.8459
postgres-db,2023-10-08,88,0.12643,0.19892,0.44906,2,0.77441,0.19935,0.86438
postgres-db,2023-10-09,89,0.15617,0.21233,0.43457,2,0.80307,0.19958,0.89527
staging,2023-07-12,0,0.0745,0.11597,0.25351,8,0.44398,0.09502,0.65478
staging,2023-07-13,1,0.07567,0.10707,0.2481,8,0.43084,0.10385,0.66883
staging,2023-07-14,2,0.07199,0.11543,0.25441,7,0.44183,0.10083,0.67474
staging,2023-07-15,3,0.06193,0.09444,0.26021,5,0.41658,0.09661,0.64955
staging,2023-07-16,4,0.05684,0.09681,0.2568,5,0.41045,0.09662,0.66577
staging,2023-07-17,5,0.0727,0.10899,0.22478,6,0.40647,0.09541,0.67095
staging,2023-07-18,6,0.06926,0.10684,0.25741,7,0.43351,0.10063,0.62721
staging,2023-07-19,7,0.07718,0.10758,0.2363,8,0.42106,0.1047,0.63117
staging,2023-07-20,8,0.07679,0.11599,0.24629,8,0.43907,0.09951,0.66287
staging,2023-07-21,9,0.07555,0.121,0.23182,7,0.42837,0.09672,0.64522
staging,2023-07-22,10,0.05756,0.1058,0.22688,4,0.39024,0.10179,0.64306
staging,2023-07-23,11,0.06143,0.10163,0.26449,5,0.42755,0.10053,0.64273
staging,2023-07-24,12,0.07412,0.11994,0.22896,7,0.42302,0.10039,0.64319
staging,2023-07-25,13,0.07463,0.1079,0.24189,7,0.42442,0.09715,0.67035
staging,2023-07-26,14,0.07511,0.12208,0.25488,7,0.45207,0.09516,0.65226
staging,2023-07-27,15,0.07204,0.1187,0.23589,6,0.42663,0.1002,0.64385
staging,2023-07-28,16,0.07207,0.11833,0.26047,7,0.45087,0.09698,0.67941
staging,2023-07-29,17,0.05799,0.09104,0.22955,5,0.37858,0.09984,0.66541
staging,2023-07-30,18,0.05746,0.0971,0.261,4,0.41556,0.10132,0.65529
staging,2023-07-31,19,0.07269,0.11072,0.23677,8,0.42018,0.10126,0.64802
staging,2023-08-01,20,0.07103,0.12028,0.23718,7,0.42849,0.10415,0.6277
staging,2023-08-02,21,0.06734,0.10926,0.23243,6,0.40903,0.09683,0.66956
staging,2023-08-03,22,0.06736,0.11908,0.23811,7,0.42455,0.10261,0.64345
staging,2023-08-04,23,0.07149,0.12158,0.24995,8,0.44302,0.10088,0.66963
staging,2023-08-05,24,0.06296,0.10581,0.2461,5,0.41487,0.0994,0.67972
staging,2023-08-06,25,0.06358,0.09519,0.23238,4,0.39115,0.10154,0.65377
staging,2023-08-07,26,0.0753,0.11501,0.24803,7,0.43834,0.10346,0.63981
staging,2023-08-08,27,0.07164,0.11696,0.23643,6,0.42503,0.1042,0.6507
staging,2023-08-09,28,0.07328,0.11799,0.23301,7,0.42428,0.10086,0.64463
staging,2023-08-10,29,0.07299,0.11138,0.23175,7,0.41612,0.09731,0.68523
staging,2023-08-11,30,0.07894,0.10888,0.26292,6,0.45074,0.1039,0.68861
staging,2023-08-12,31,0.06525,0.09335,0.23605,4,0.39465,0.10059,0.64584
staging,2023-08-13,32,0.06363,0.10137,0.23813,5,0.40313,0.10068,0.6514
staging,2023-08-14,33,0.07423,0.11821,0.26292,8,0.45536,0.09966,0.63421
staging,2023-08-15,34,0.07172,0.11642,0.25882,7,0.44696,0.09514,0.63581
staging,2023-08-16,35,0.0729,0.12279,0.25132,8,0.44701,0.09524,0.67933
staging,2023-08-17,36,0.07818,0.12211,0.23296,7,0.43325,0.10294,0.66849
staging,2023-08-18,37,0.07616,0.11289,0.24016,6,0.42921,0.09682,0.62877
staging,2023-08-19,38,0.06542,0.1086,0.26685,5,0.44087,0.10216,0.657
staging,2023-08-20,39,0.05912,0.09417,0.26714,3,0.42043,0.09619,0.65519
staging,2023-08-21,40,0.07531,0.11394,0.2726,8,0.46185,0.10181,0.64684
staging,2023-08-22,41,0.07083,0.12174,0.23628,7,0.42885,0.09825,0.66458
staging,2023-08-23,42,0.0731,0.11635,0.26169,7,0.45114,0.10073,0.62853
staging,2023-08-24,43,0.0756,0.12,0.23892,8,0.43452,0.09508,0.63769
staging,2023-08-25,44,0.07699,0.12144,0.243,6,0.44143,0.10217,0.64371
staging,2023-08-26,45,0.06594,0.10105,0.26078,4,0.42777,0.09694,0.65943
staging,2023-08-27,46,0.06525,0.10635,0.25073,3,0.42233,0.10303,0.68413
staging,2023-08-28,47,0.07661,0.11839,0.26365,7,0.45865,0.10346,0.64208
staging,2023-08-29,48,0.07371,0.11647,0.24027,8,0.43045,0.09912,0.67604
staging,2023-08-30,49,0.07347,0.11797,0.23554,8,0.42698,0.10004,0.66577
staging,2023-08-31,50,0.07783,0.12108,0.23531,6,0.43422,0.09865,0.66352
staging,2023-09-01,51,0.07741,0.12511,0.26333,7,0.46585,0.09983,0.67673
staging,2023-09-02,52,0.06778,0.10839,0.24862,3,0.42479,0.10139,0.69061
staging,2023-09-03,53,0.06774,0.10274,0.25819,3,0.42867,0.09712,0.68295
staging,2023-09-04,54,0.07169,0.11156,0.25135,6,0.4346,0.10329,0.65394
staging,2023-09-05,55,0.08025,0.12934,0.27308,8,0.48267,0.10095,0.67232
staging,2023-09-06,56,0.079,0.11805,0.25763,8,0.45468,0.09855,0.65429
staging,2023-09-07,57,0.07704,0.11275,0.24385,8,0.43364,0.10294,0.6682
staging,2023-09-08,58,0.07107,0.12687,0.2368,7,0.43474,0.1,0.67279
staging,2023-09-09,59,0.0604,0.10545,0.26551,5,0.43136,0.09634,0.65162
staging,2023-09-10,60,0.06036,0.10469,0.25341,4,0.41846,0.09758,0.66964
staging,2023-09-11,61,0.07576,0.1277,0.24132,6,0.44478,0.0974,0.67236
staging,2023-09-12,62,0.07028,0.12989,0.24681,7,0.44698,0.09587,0.66976
staging,2023-09-13,63,0.07739,0.12375,0.25497,6,0.45611,0.09954,0.66621
staging,2023-09-14,64,0.07573,0.127,0.26949,8,0.47222,0.09501,0.69106
staging,2023-09-15,65,0.07093,0.11632,0.24089,8,0.42814,0.10108,0.67181
staging,2023-09-16,66,0.06042,0.10361,0.26457,5,0.4286,0.10139,0.63447
staging,2023-09-17,67,0.06475,0.1058,0.26828,3,0.43883,0.10392,0.64712
staging,2023-09-18,68,0.07304,0.12193,0.25642,6,0.45139,0.10403,0.68273
staging,2023-09-19,69,0.07497,0.13182,0.25094,8,0.45773,0.09697,0.65726
staging,2023-09-20,70,0.07962,0.11402,0.2431,7,0.43674,0.10331,0.65498
staging,2023-09-21,71,0.07781,0.12444,0.2604,6,0.46265,0.09555,0.68581
staging,2023-09-22,72,0.07528,0.12154,0.25839,6,0.45521,0.09591,0.63568
staging,2023-09-23,73,0.06094,0.10984,0.27018,5,0.44096,0.09874,0.64747
staging,2023-09-24,74,0.06754,0.10956,0.2815,4,0.4586,0.10249,0.68529
staging,2023-09-25,75,0.07334,0.11564,0.26352,8,0.4525,0.09999,0.67144
staging,2023-09-26,76,0.08101,0.11426,0.28003,6,0.4753,0.09642,0.6508
staging,2023-09-27,77,0.07974,0.13241,0.27962,6,0.49177,0.09759,0.66515
staging,2023-09-28,78,0.07631,0.12677,0.26693,6,0.47001,0.10192,0.68267
staging,2023-09-29,79,0.07586,0.12229,0.2473,8,0.44545,0.09797,0.63881
staging,2023-09-30,80,0.06382,0.10622,0.27681,3,0.44685,0.09981,0.64495
staging,2023-10-01,81,0.0617,0.09942,0.26597,5,0.42709,0.09765,0.65688
staging,2023-10-02,82,0.07722,0.12696,0.26997,8,0.47415,0.09867,0.68417
staging,2023-10-03,83,0.07618,0.1234,0.2433,8,0.44288,0.09871,0.64846
staging,2023-10-04,84,0.07939,0.12027,0.2675,7,0.46716,0.09549,0.68058
staging,2023-10-05,85,0.07945,0.13378,0.26633,8,0.47956,0.103,0.64095
staging,2023-10-06,86,0.08107,0.12488,0.27742,7,0.48337,0.10161,0.64184
staging,2023-10-07,87,0.06305,0.11187,0.25528,3,0.4302,0.10472,0.655
staging,2023-10-08,88,0.06936,0.10452,0.24423,3,0.41811,0.09659,0.67508
staging,2023-10-09,89,0.07285,0.1238,0.25476,8,0.45141,0.10206,0.6366
kafka,2023-07-12,0,0.12899,0.17214,0.4278,4,0.72893,0.09622,0.91939
kafka,2023-07-13,1,0.13638,0.16242,0.48471,4,0.78351,0.09813,0.90059
kafka,2023-07-14,2,0.12617,0.15935,0.4397,6,0.72522,0.10187,0.85723
kafka,2023-07-15,3,0.1155,0.1498,0.42316,4,0.68846,0.09881,0.93182
kafka,2023-07-16,4,0.10724,0.1394,0.48959,2,0.73623,0.09709,0.86988
kafka,2023-07-17,5,0.12837,0.18062,0.42654,4,0.73553,0.10092,0.90046
kafka,2023-07-18,6,0.14048,0.1879,0.46572,6,0.7941,0.10166,0.87994
kafka,2023-07-19,7,0.1226,0.18152,0.48548,6,0.7896,0.09505,0.91071
kafka,2023-07-20,8,0.13382,0.16876,0.50381,5,0.80639,0.10318,0.89271
kafka,2023-07-21,9,0.12759,0.17882,0.47706,6,0.78347,0.10343,0.88741
kafka,2023-07-22,10,0.11044,0.14297,0.50372,3,0.75713,0.10349,0.91858
kafka,2023-07-23,11,0.11172,0.14589,0.45935,2,0.71696,0.09965,0.8692
kafka,2023-07-24,12,0.1343,0.17588,0.48768,6,0.79786,0.10467,0.92496
kafka,2023-07-25,13,0.14511,0.1905,0.50024,4,0.83585,0.09837,0.90181
kafka,2023-07-26,14,0.14322,0.19659,0.49851,5,0.83832,0.10162,0.85884
kafka,2023-07-27,15,0.14815,0.18245,0.49804,6,0.82864,0.09909,0.90502
kafka,2023-07-28,16,0.14826,0.18222,0.45271,4,0.78319,0.09737,0.91037
kafka,2023-07-29,17,0.11002,0.15089,0.45367,3,0.71458,0.09769,0.87436
kafka,2023-07-30,18,0.12722,0.16567,0.47644,4,0.76933,0.1015,0.91766
kafka,2023-07-31,19,0.13423,0.19597,0.49059,5,0.82079,0.10317,0.93174
kafka,2023-08-01,20,0.14166,0.20323,0.52451,6,0.8694,0.09667,0.91658
kafka,2023-08-02,21,0.14123,0.18033,0.493,4,0.81456,0.1019,0.87329
kafka,2023-08-03,22,0.13834,0.17913,0.49105,4,0.80852,0.09662,0.89384
kafka,2023-08-04,23,0.15413,0.18551,0.49762,4,0.83726,0.10277,0.85143
kafka,2023-08-05,24,0.12037,0.15559,0.4816,3,0.75756,0.10219,0.89665
kafka,2023-08-06,25,0.12203,0.16912,0.49592,3,0.78707,0.09876,0.93191
kafka,2023-08-07,26,0.15308,0.18129,0.48176,4,0.81613,0.09783,0.84756
kafka,2023-08-08,27,0.1452,0.18275,0.55519,6,0.88314,0.1048,0.86872
kafka,2023-08-09,28,0.15391,0.18365,0.55494,4,0.8925,0.10358,0.87555
kafka,2023-08-10,29,0.14641,0.19373,0.50778,4,0.84792,0.09655,0.87439
kafka,2023-08-11,30,0.13953,0.18755,0.48427,5,0.81135,0.09658,0.93155
kafka,2023-08-12,31,0.12781,0.16175,0.54612,3,0.83568,0.09917,0.92983
kafka,2023-08-13,32,0.12719,0.16899,0.54949,4,0.84567,0.10131,0.86258
kafka,2023-08-14,33,0.16108,0.18849,0.54345,4,0.89302,0.09889,0.92754
kafka,2023-08-15,34,0.16295,0.20626,0.55276,6,0.92197,0.10329,0.89859
kafka,2023-08-16,35,0.15771,0.20813,0.52577,5,0.89161,0.09812,0.89229
kafka,2023-08-17,36,0.15535,0.19901,0.52656,4,0.88092,0.09829,0.85128
kafka,2023-08-18,37,0.16291,0.21191,0.53375,5,0.90857,0.10229,0.86706
kafka,2023-08-19,38,0.13946,0.18124,0.54215,5,0.86285,0.10268,0.86153
kafka,2023-08-20,39,0.13283,0.17062,0.56407,5,0.86752,0.10216,0.84834
kafka,2023-08-21,40,0.15637,0.20259,0.56436,6,0.92332,0.09952,0.9181
kafka,2023-08-22,41,0.16992,0.2237,0.50944,5,0.90306,0.09628,0.93423
kafka,2023-08-23,42,0.15333,0.20824,0.58369,5,0.94526,0.10183,0.8724
kafka,2023-08-24,43,0.16097,0.21256,0.53043,6,0.90396,0.09586,0.87412
kafka,2023-08-25,44,0.15961,0.21937,0.54355,5,0.92253,0.09975,0.85272
kafka,2023-08-26,45,0.13467,0.18136,0.59414,4,0.91017,0.09985,0.89737
kafka,2023-08-27,46,0.13036,0.19762,0.57732,5,0.9053,0.09842,0.90184
kafka,2023-08-28,47,0.16053,0.23391,0.56333,6,0.95777,0.09512,0.92541
kafka,2023-08-29,48,0.1512,0.22125,0.53069,7,0.90314,0.09822,0.8858
kafka,2023-08-30,49,0.17503,0.22207,0.54081,6,0.93791,0.1029,0.9034
kafka,2023-08-31,50,0.16755,0.20815,0.59001,5,0.96571,0.10259,0.88068
kafka,2023-09-01,51,0.17525,0.20553,0.60064,6,0.98142,0.10036,0.93387
kafka,2023-09-02,52,0.14119,0.20088,0.62135,5,0.96342,0.09642,0.91883
kafka,2023-09-03,53,0.13358,0.17995,0.63292,3,0.94645,0.09685,0.87557
kafka,2023-09-04,54,0.17845,0.22698,0.56929,7,0.97472,0.10386,0.85399
kafka,2023-09-05,55,0.16919,0.22088,0.58248,7,0.97255,0.10459,0.92465
kafka,2023-09-06,56,0.16859,0.22382,0.63302,7,1.02543,0.10439,0.88421
kafka,2023-09-07,57,0.16525,0.21975,0.63203,5,1.01703,0.09717,0.93025
kafka,2023-09-08,58,0.17197,0.22104,0.60917,5,1.00218,0.10474,0.89612
kafka,2023-09-09,59,0.13863,0.18913,0.63291,5,0.96067,0.09969,0.89819
kafka,2023-09-10,60,0.13761,0.20864,0.65344,5,0.99969,0.09987,0.88748
kafka,2023-09-11,61,0.16859,0.22843,0.57402,7,0.97104,0.10102,0.92933
kafka,2023-09-12,62,0.18424,0.21826,0.58192,5,0.98442,0.10149,0.86562
kafka,2023-09-13,63,0.16951,0.22198,0.60726,7,0.99875,0.10192,0.84865
kafka,2023-09-14,64,0.18148,0.22564,0.60129,5,1.00841,0.09921,0.85475
kafka,2023-09-15,65,0.1742,0.23081,0.61189,7,1.0169,0.10367,0.88099
kafka,2023-09-16,66,0.15584,0.20983,0.64263,5,1.0083,0.09993,0.8506
kafka,2023-09-17,67,0.15082,0.21714,0.5929,3,0.96086,0.10336,0.92776
kafka,2023-09-18,68,0.19324,0.25466,0.64475,8,1.09265,0.09984,0.89879
kafka,2023-09-19,69,0.18675,0.2331,0.65362,7,1.07347,0.09734,0.85108
kafka,2023-09-20,70,0.17248,0.22728,0.5975,7,0.99726,0.10046,0.8946
kafka,2023-09-21,71,0.18469,0.23532,0.65409,6,1.0741,0.09795,0.87883
kafka,2023-09-22,72,0.18754,0.237,0.64212,8,1.06666,0.09789,0.85906
kafka,2023-09-23,73,0.14888,0.22386,0.67835,4,1.05109,0.10005,0.93397
kafka,2023-09-24,74,0.16186,0.20227,0.6938,4,1.05793,0.1029,0.91585
kafka,2023-09-25,75,0.18341,0.25454,0.64663,8,1.08458,0.10119,0.88307
kafka,2023-09-26,76,0.19216,0.23056,0.67442,7,1.09714,0.09973,0.88494
kafka,2023-09-27,77,0.18891,0.26535,0.62192,6,1.07618,0.09772,0.85499
kafka,2023-09-28,78,0.17714,0.26186,0.68223,8,1.12123,0.09881,0.84874
kafka,2023-09-29,79,0.19552,0.25814,0.68023,7,1.13389,0.10462,0.85752
kafka,2023-09-30,80,0.15131,0.21605,0.71564,4,1.083,0.09522,0.87614
kafka,2023-10-01,81,0.17279,0.21005,0.67419,4,1.05703,0.10273,0.93225
kafka,2023-10-02,82,0.20219,0.2377,0.69412,7,1.13401,0.09668,0.8531
kafka,2023-10-03,83,0.18152,0.24812,0.71856,6,1.1482,0.09632,0.90064
kafka,2023-10-04,84,0.19506,0.24459,0.7294,7,1.16905,0.09789,0.92948
kafka,2023-10-05,85,0.20742,0.2412,0.73302,6,1.18164,0.10392,0.87434
kafka,2023-10-06,86,0.20848,0.26589,0.74423,8,1.2186,0.09656,0.92766
kafka,2023-10-07,87,0.17001,0.20986,0.64635,5,1.02622,0.10097,0.85131
kafka,2023-10-08,88,0.17035,0.22989,0.72741,3,1.12765,0.09792,0.90369
kafka,2023-10-09,89,0.21449,0.26014,0.70045,6,1.17508,0.09581,0.86797
ml-training,2023-07-12,0,0.15244,0.27569,0.42019,13,0.84832,0.68767,0.92906
ml-training,2023-07-13,1,0.16167,0.272,0.4345,11,0.86817,0.69684,0.8787
ml-training,2023-07-14,2,0.14934,0.29557,0.41234,11,0.85725,0.6666,0.88809
ml-training,2023-07-15,3,0.14501,0.26255,0.4495,8,0.85706,0.71033,0.8572
ml-training,2023-07-16,4,0.15042,0.24398,0.41444,7,0.80884,0.70883,0.88952
ml-training,2023-07-17,5,0.21757,0.36077,0.47337,16,1.05171,0.70115,0.85928
ml-training,2023-07-18,6,0.15749,0.28013,0.45208,12,0.8897,0.68187,0.90284
ml-training,2023-07-19,7,0.16498,0.29062,0.45051,13,0.90611,0.73438,0.85948
ml-training,2023-07-20,8,0.18089,0.2977,0.49134,11,0.96993,0.67661,0.93062
ml-training,2023-07-21,9,0.17786,0.32879,0.42861,11,0.93526,0.68586,0.91649
ml-training,2023-07-22,10,0.13968,0.27394,0.46274,9,0.87636,0.71842,0.8707
ml-training,2023-07-23,11,0.13645,0.24727,0.48466,9,0.86838,0.6798,0.8912
ml-training,2023-07-24,12,0.22316,0.39473,0.46742,15,1.08531,0.7131,0.88224
ml-training,2023-07-25,13,0.16158,0.3166,0.44986,11,0.92804,0.73391,0.85515
ml-training,2023-07-26,14,0.16294,0.29839,0.43735,13,0.89868,0.6842,0.88072
ml-training,2023-07-27,15,0.17171,0.32403,0.45256,12,0.9483,0.69906,0.92291
ml-training,2023-07-28,16,0.17177,0.29365,0.49104,14,0.95646,0.69823,0.9335
ml-training,2023-07-29,17,0.16165,0.26614,0.50731,10,0.9351,0.70832,0.92515
ml-training,2023-07-30,18,0.15367,0.29494,0.45166,8,0.90027,0.72189,0.9243
ml-training,2023-07-31,19,0.22308,0.37261,0.51191,15,1.1076,0.71777,0.85871
ml-training,2023-08-01,20,0.18053,0.30999,0.49016,13,0.98068,0.67588,0.87435
ml-training,2023-08-02,21,0.1725,0.31663,0.47856,12,0.96769,0.69163,0.93453
ml-training,2023-08-03,22,0.17115,0.34418,0.50158,12,1.01691,0.69703,0.93628
ml-training,2023-08-04,23,0.17857,0.34727,0.51671,12,1.04255,0.66969,0.91813
ml-training,2023-08-05,24,0.16458,0.29922,0.49549,9,0.95929,0.68916,0.8697
ml-training,2023-08-06,25,0.16379,0.27544,0.47475,8,0.91398,0.70648,0.89376
ml-training,2023-08-07,26,0.23474,0.4313,0.52784,17,1.19388,0.73233,0.91022
ml-training,2023-08-08,27,0.17496,0.3504,0.49721,13,1.02257,0.68517,0.91042
ml-training,2023-08-09,28,0.17965,0.34235,0.54362,14,1.06562,0.68937,0.91713
ml-training,2023-08-10,29,0.17743,0.35859,0.52022,13,1.05624,0.70066,0.85938
ml-training,2023-08-11,30,0.1784,0.31983,0.50376,14,1.00199,0.68714,0.85888
ml-training,2023-08-12,31,0.16119,0.29449,0.50198,9,0.95766,0.71615,0.91607
ml-training,2023-08-13,32,0.17704,0.28038,0.53038,9,0.9878,0.69953,0.91156
ml-training,2023-08-14,33,0.24219,0.40217,0.50656,18,1.15092,0.71739,0.92701
ml-training,2023-08-15,34,0.19079,0.34301,0.51505,14,1.04885,0.67044,0.89015
ml-training,2023-08-16,35,0.2102,0.35688,0.49952,14,1.0666,0.72068,0.90019
ml-training,2023-08-17,36,0.19239,0.35759,0.57974,15,1.12972,0.73406,0.89505
ml-training,2023-08-18,37,0.19689,0.37592,0.53376,13,1.10657,0.7205,0.86741
ml-training,2023-08-19,38,0.16956,0.29775,0.54838,11,1.01569,0.67613,0.9377
ml-training,2023-08-20,39,0.17552,0.29255,0.52504,11,0.99311,0.72195,0.8766
ml-training,2023-08-21,40,0.24891,0.45018,0.56636,20,1.26545,0.71462,0.90222
ml-training,2023-08-22,41,0.19319,0.38718,0.59112,15,1.17149,0.70396,0.86602
ml-training,2023-08-23,42,0.19255,0.34342,0.60066,16,1.13663,0.70916,0.88712
ml-training,2023-08-24,43,0.1975,0.36751,0.58282,14,1.14783,0.67675,0.91131
ml-training,2023-08-25,44,0.21265,0.35325,0.57392,15,1.13982,0.70778,0.85862
ml-training,2023-08-26,45,0.18998,0.33504,0.55936,11,1.08438,0.68371,0.92095
ml-training,2023-08-27,46,0.16615,0.31008,0.5558,9,1.03203,0.71953,0.89529
ml-training,2023-08-28,47,0.25745,0.43476,0.56286,20,1.25507,0.6721,0.87751
ml-training,2023-08-29,48,0.22563,0.38525,0.58633,14,1.19721,0.70034,0.94461
ml-training,2023-08-30,49,0.22976,0.36928,0.61431,17,1.21335,0.70997,0.92922
ml-training,2023-08-31,50,0.21058,0.38295,0.56239,17,1.15592,0.73396,0.88263
ml-training,2023-09-01,51,0.21648,0.37146,0.58343,15,1.17137,0.72135,0.8969
ml-training,2023-09-02,52,0.18281,0.33743,0.58864,11,1.10888,0.71576,0.85853
ml-training,2023-09-03,53,0.18136,0.34982,0.58314,11,1.11432,0.67721,0.86923
ml-training,2023-09-04,54,0.28885,0.4643,0.61788,20,1.37103,0.69567,0.9152
ml-training,2023-09-05,55,0.21397,0.40835,0.64752,15,1.26984,0.66637,0.90183
ml-training,2023-09-06,56,0.21002,0.41616,0.63598,15,1.26216,0.71468,0.89161
ml-training,2023-09-07,57,0.23589,0.41348,0.5845,17,1.23387,0.68668,0.87812
ml-training,2023-09-08,58,0.22523,0.38611,0.6414,17,1.25274,0.69487,0.90463
ml-training,2023-09-09,59,0.2081,0.35,0.64501,10,1.20311,0.68704,0.85714
ml-training,2023-09-10,60,0.20642,0.36279,0.6325,10,1.20171,0.71629,0.88283
ml-training,2023-09-11,61,0.3041,0.48668,0.66779,21,1.45857,0.70018,0.91401
ml-training,2023-09-12,62,0.21715,0.44961,0.66745,18,1.33421,0.70202,0.89243
ml-training,2023-09-13,63,0.24049,0.42839,0.62151,16,1.29039,0.6869,0.88013
ml-training,2023-09-14,64,0.25222,0.43007,0.6801,18,1.36239,0.70436,0.90444
ml-training,2023-09-15,65,0.25366,0.45059,0.64709,16,1.35134,0.71906,0.87572
ml-training,2023-09-16,66,0.193,0.36219,0.61402,10,1.16921,0.6721,0.94404
ml-training,2023-09-17,67,0.20274,0.33859,0.64532,11,1.18665,0.71335,0.8629
ml-training,2023-09-18,68,0.31962,0.51746,0.69731,23,1.53439,0.72142,0.92631
ml-training,2023-09-19,69,0.25804,0.46883,0.60562,19,1.33249,0.70939,0.87552
ml-training,2023-09-20,70,0.251,0.42512,0.66369,18,1.33981,0.7245,0.89118
ml-training,2023-09-21,71,0.26004,0.44432,0.70118,18,1.40554,0.69671,0.92295
ml-training,2023-09-22,72,0.24903,0.42846,0.67299,19,1.35048,0.7158,0.86271
ml-training,2023-09-23,73,0.22647,0.37781,0.7064,13,1.31068,0.70261,0.87364
ml-training,2023-09-24,74,0.21984,0.40983,0.65585,13,1.28552,0.69684,0.8862
ml-training,2023-09-25,75,0.33978,0.51068,0.63628,22,1.48674,0.68455,0.92898
ml-training,2023-09-26,76,0.25777,0.4574,0.70535,19,1.42052,0.73312,0.90728
ml-training,2023-09-27,77,0.25691,0.47449,0.67807,18,1.40947,0.71304,0.92888
ml-training,2023-09-28,78,0.26357,0.46879,0.65585,19,1.38821,0.73397,0.92786
ml-training,2023-09-29,79,0.24057,0.45747,0.67647,19,1.37451,0.67077,0.86979
ml-training,2023-09-30,80,0.22676,0.40345,0.66753,12,1.29774,0.67742,0.90701
ml-training,2023-10-01,81,0.21292,0.42983,0.67266,14,1.31541,0.70913,0.91401
ml-training,2023-10-02,82,0.35831,0.56311,0.70697,25,1.62839,0.70303,0.93338
ml-training,2023-10-03,83,0.26853,0.51054,0.685,18,1.46407,0.68545,0.87207
ml-training,2023-10-04,84,0.26074,0.51085,0.74991,19,1.5215,0.7286,0.90742
ml-training,2023-10-05,85,0.25181,0.46016,0.67715,19,1.38912,0.71814,0.93955
ml-training,2023-10-06,86,0.25137,0.49141,0.75051,19,1.49329,0.71055,0.94045
ml-training,2023-10-07,87,0.2382,0.40469,0.75327,15,1.39616,0.69979,0.93443
ml-training,2023-10-08,88,0.21224,0.401,0.74314,14,1.35638,0.73,0.93887
ml-training,2023-10-09,89,0.35958,0.59347,0.76936,26,1.72241,0.69711,0.87274
ingress-nginx,2023-07-12,0,0.09147,0.09958,0.26608,5,0.45713,0.76438,0.88018
ingress-nginx,2023-07-13,1,0.0834,0.10122,0.25641,5,0.44103,0.78994,0.87321
ingress-nginx,2023-07-14,2,0.09289,0.10448,0.25307,6,0.45044,0.77702,0.85362
ingress-nginx,2023-07-15,3,0.07117,0.08044,0.26312,5,0.41473,0.79893,0.84072
ingress-nginx,2023-07-16,4,0.06876,0.08227,0.25888,3,0.40991,0.83899,0.8632
ingress-nginx,2023-07-17,5,0.0913,0.10024,0.25474,7,0.44628,0.79906,0.90906
ingress-nginx,2023-07-18,6,0.09054,0.09896,0.27765,6,0.46715,0.83491,0.88785
ingress-nginx,2023-07-19,7,0.08693,0.09748,0.28052,6,0.46493,0.83027,0.87009
ingress-nginx,2023-07-20,8,0.09403,0.10252,0.27696,7,0.47351,0.7916,0.86569
ingress-nginx,2023-07-21,9,0.09365,0.10319,0.29065,7,0.48749,0.83122,0.91602
ingress-nginx,2023-07-22,10,0.08004,0.0853,0.292,3,0.45734,0.76275,0.87528
ingress-nginx,2023-07-23,11,0.07457,0.08279,0.29733,4,0.45469,0.76054,0.88479
ingress-nginx,2023-07-24,12,0.09377,0.09843,0.28871,5,0.48091,0.7851,0.87165
ingress-nginx,2023-07-25,13,0.09439,0.10761,0.27158,5,0.47358,0.79173,0.88936
ingress-nginx,2023-07-26,14,0.09572,0.11073,0.28636,7,0.49281,0.79251,0.92219
ingress-nginx,2023-07-27,15,0.08663,0.09787,0.26584,7,0.45034,0.83008,0.89779
ingress-nginx,2023-07-28,16,0.09338,0.10571,0.29342,7,0.49251,0.78134,0.90361
ingress-nginx,2023-07-29,17,0.07782,0.09613,0.29947,3,0.47342,0.78097,0.89902
ingress-nginx,2023-07-30,18,0.07295,0.08384,0.28652,3,0.44331,0.80952,0.83731
ingress-nginx,2023-07-31,19,0.0904,0.11426,0.26571,6,0.47037,0.79734,0.87303
ingress-nginx,2023-08-01,20,0.09588,0.10927,0.28847,7,0.49362,0.78814,0.84732
ingress-nginx,2023-08-02,21,0.08898,0.10327,0.30508,7,0.49733,0.76004,0.92211
ingress-nginx,2023-08-03,22,0.09497,0.11396,0.28224,7,0.49117,0.78879,0.84448
ingress-nginx,2023-08-04,23,0.08658,0.10878,0.29772,5,0.49308,0.78668,0.92298
ingress-nginx,2023-08-05,24,0.07294,0.08747,0.2878,5,0.44821,0.76445,0.91146
ingress-nginx,2023-08-06,25,0.08037,0.0903,0.30679,3,0.47746,0.77233,0.85326
ingress-nginx,2023-08-07,26,0.09423,0.1076,0.27599,5,0.47782,0.79378,0.85137
ingress-nginx,2023-08-08,27,0.09092,0.10739,0.28147,6,0.47978,0.80841,0.8905
ingress-nginx,2023-08-09,28,0.09989,0.10293,0.28946,6,0.49228,0.80465,0.907
ingress-nginx,2023-08-10,29,0.08888,0.10233,0.30565,7,0.49686,0.76573,0.89428
ingress-nginx,2023-08-11,30,0.08667,0.10461,0.3181,6,0.50938,0.81702,0.84859
ingress-nginx,2023-08-12,31,0.07437,0.09135,0.28534,5,0.45106,0.78544,0.86867
ingress-nginx,2023-08-13,32,0.07783,0.10091,0.31013,4,0.48887,0.8012,0.87702
ingress-nginx,2023-08-14,33,0.09849,0.10776,0.29921,6,0.50546,0.82618,0.92302
ingress-nginx,2023-08-15,34,0.09677,0.11355,0.30246,6,0.51278,0.82727,0.91082
ingress-nginx,2023-08-16,35,0.10185,0.11808,0.29304,5,0.51297,0.82241,0.89372
ingress-nginx,2023-08-17,36,0.09462,0.12025,0.29086,7,0.50573,0.83198,0.84602
ingress-nginx,2023-08-18,37,0.09715,0.1166,0.30243,7,0.51618,0.82935,0.87009
ingress-nginx,2023-08-19,38,0.07808,0.09832,0.32556,5,0.50196,0.80617,0.86238
ingress-nginx,2023-08-20,39,0.08091,0.09061,0.3037,5,0.47522,0.83933,0.86197
ingress-nginx,2023-08-21,40,0.09768,0.10503,0.32124,6,0.52395,0.82765,0.9064
ingress-nginx,2023-08-22,41,0.09794,0.11021,0.3145,7,0.52265,0.77781,0.91529
ingress-nginx,2023-08-23,42,0.10452,0.10518,0.32955,5,0.53925,0.80563,0.85799
ingress-nginx,2023-08-24,43,0.09543,0.11328,0.28566,5,0.49437,0.76119,0.85691
ingress-nginx,2023-08-25,44,0.1002,0.12252,0.31424,7,0.53696,0.79492,0.83908
ingress-nginx,2023-08-26,45,0.08667,0.10064,0.32878,4,0.51609,0.83494,0.90489
ingress-nginx,2023-08-27,46,0.0872,0.09831,0.31963,5,0.50514,0.79261,0.85221
ingress-nginx,2023-08-28,47,0.09311,0.12427,0.30911,5,0.52649,0.78428,0.92234
ingress-nginx,2023-08-29,48,0.09468,0.12081,0.31984,7,0.53533,0.77922,0.86107
ingress-nginx,2023-08-30,49,0.09762,0.12486,0.29004,6,0.51252,0.76373,0.84013
ingress-nginx,2023-08-31,50,0.10203,0.11697,0.30072,7,0.51972,0.83593,0.91067
ingress-nginx,2023-09-01,51,0.0969,0.11084,0.30757,7,0.51531,0.83683,0.83712
ingress-nginx,2023-09-02,52,0.08444,0.0928,0.3422,5,0.51944,0.83427,0.91012
ingress-nginx,2023-09-03,53,0.08458,0.10058,0.29303,5,0.47819,0.80676,0.84919
ingress-nginx,2023-09-04,54,0.09627,0.11684,0.3188,7,0.53191,0.83491,0.84544
ingress-nginx,2023-09-05,55,0.09914,0.11985,0.32909,8,0.54808,0.80047,0.86255
ingress-nginx,2023-09-06,56,0.10271,0.123,0.33809,8,0.5638,0.80668,0.87983
ingress-nginx,2023-09-07,57,0.10121,0.12237,0.32689,7,0.55047,0.80287,0.90568
ingress-nginx,2023-09-08,58,0.10932,0.11213,0.30959,8,0.53104,0.7791,0.83996
ingress-nginx,2023-09-09,59,0.08446,0.09887,0.32904,5,0.51237,0.81822,0.89717
ingress-nginx,2023-09-10,60,0.08535,0.10234,0.33175,4,0.51944,0.80311,0.84822
ingress-nginx,2023-09-11,61,0.10646,0.11554,0.34574,8,0.56774,0.76067,0.92352
ingress-nginx,2023-09-12,62,0.10563,0.12445,0.3381,7,0.56818,0.81685,0.83632
ingress-nginx,2023-09-13,63,0.09697,0.11437,0.33535,8,0.54669,0.79186,0.85321
ingress-nginx,2023-09-14,64,0.10976,0.12466,0.35392,8,0.58834,0.79792,0.85136
ingress-nginx,2023-09-15,65,0.1082,0.11767,0.31594,6,0.54181,0.82801,0.85424
ingress-nginx,2023-09-16,66,0.092,0.09956,0.3168,4,0.50836,0.82688,0.90173
ingress-nginx,2023-09-17,67,0.09229,0.09908,0.34098,3,0.53235,0.77235,0.91666
ingress-nginx,2023-09-18,68,0.09919,0.12384,0.30923,6,0.53226,0.76989,0.89789
ingress-nginx,2023-09-19,69,0.10996,0.1157,0.35228,8,0.57794,0.76977,0.92126
ingress-nginx,2023-09-20,70,0.10597,0.12586,0.32782,6,0.55965,0.77103,0.88788
ingress-nginx,2023-09-21,71,0.11369,0.12902,0.36189,8,0.6046,0.80123,0.88739
ingress-nginx,2023-09-22,72,0.11437,0.12917,0.35355,8,0.59709,0.7792,0.86543
ingress-nginx,2023-09-23,73,0.09673,0.10582,0.33308,4,0.53563,0.81838,0.90156
ingress-nginx,2023-09-24,74,0.0903,0.10462,0.33713,4,0.53205,0.77034,0.84512
ingress-nginx,2023-09-25,75,0.10199,0.12879,0.36176,7,0.59254,0.76302,0.85859
ingress-nginx,2023-09-26,76,0.1147,0.13215,0.36251,6,0.60936,0.81595,0.8865
ingress-nginx,2023-09-27,77,0.10492,0.12462,0.31819,8,0.54773,0.79019,0.84071
ingress-nginx,2023-09-28,78,0.10239,0.12194,0.3609,6,0.58523,0.76436,0.86485
ingress-nginx,2023-09-29,79,0.10962,0.13531,0.31967,7,0.5646,0.80784,0.89396
ingress-nginx,2023-09-30,80,0.08673,0.10752,0.36386,3,0.55811,0.81271,0.89161
ingress-nginx,2023-10-01,81,0.09546,0.10491,0.37131,3,0.57168,0.83771,0.85664
ingress-nginx,2023-10-02,82,0.11298,0.11952,0.34784,8,0.58034,0.83448,0.8529
ingress-nginx,2023-10-03,83,0.11394,0.13363,0.32541,6,0.57298,0.80647,0.90405
ingress-nginx,2023-10-04,84,0.10878,0.12446,0.37185,8,0.60509,0.8206,0.85993
ingress-nginx,2023-10-05,85,0.11886,0.13524,0.36547,7,0.61957,0.83174,0.8883
ingress-nginx,2023-10-06,86,0.11488,0.12966,0.33122,6,0.57576,0.8271,0.83646
ingress-nginx,2023-10-07,87,0.09273,0.11726,0.35639,4,0.56638,0.8101,0.83891
ingress-nginx,2023-10-08,88,0.08733,0.10953,0.35231,3,0.54917,0.76484,0.87501
ingress-nginx,2023-10-09,89,0.10553,0.12613,0.35458,6,0.58624,0.80359,0.91755
